rank,movement,points,competitions_played,competitor_id
1,0,7620,23,sr:competitor:49363
1,0,7620,23,sr:competitor:51836
3,0,7355,28,sr:competitor:637970
4,0,7205,26,sr:competitor:14898
5,0,6330,21,sr:competitor:36593
6,0,6240,20,sr:competitor:52293
7,1,6150,21,sr:competitor:15310
8,-1,6150,22,sr:competitor:95801
9,0,6020,14,sr:competitor:15568
10,0,6020,17,sr:competitor:16160
11,0,5975,18,sr:competitor:87690
12,0,5340,24,sr:competitor:16608
13,0,5050,16,sr:competitor:124658
14,1,3865,27,sr:competitor:16151
15,2,3620,34,sr:competitor:59131
16,0,3520,26,sr:competitor:53785
17,1,3215,32,sr:competitor:108099
18,1,3140,31,sr:competitor:210736
19,1,3140,33,sr:competitor:55989
20,1,3015,22,sr:competitor:16409
21,1,3000,21,sr:competitor:15307
22,4,2960,24,sr:competitor:38181
23,0,2855,25,sr:competitor:16124
24,3,2845,27,sr:competitor:81059
25,4,2820,29,sr:competitor:47834
26,6,2780,19,sr:competitor:15548
27,6,2720,28,sr:competitor:106349
28,2,2685,25,sr:competitor:14553
29,2,2605,32,sr:competitor:206889
30,4,2550,26,sr:competitor:14835
31,4,2535,30,sr:competitor:56629
32,4,2520,22,sr:competitor:74173
33,-5,2505,27,sr:competitor:16275
34,-10,2460,25,sr:competitor:112805
35,-10,2460,27,sr:competitor:52202
36,3,2420,34,sr:competitor:106559
37,1,2395,28,sr:competitor:104917
38,-1,2337,26,sr:competitor:76263
39,5,2305,27,sr:competitor:22967
40,13,2238,37,sr:competitor:23899
41,0,2165,28,sr:competitor:230186
42,12,2105,36,sr:competitor:52065
43,-3,2055,26,sr:competitor:59324
44,-2,2006,28,sr:competitor:45105
45,0,1915,29,sr:competitor:70348
46,3,1872,30,sr:competitor:114831
47,-1,1835,22,sr:competitor:47966
48,3,1825,32,sr:competitor:47295
49,6,1806,34,sr:competitor:231188
50,7,1786,32,sr:competitor:108755
51,-3,1775,33,sr:competitor:66864
52,-9,1770,23,sr:competitor:25189
53,-1,1763,33,sr:competitor:62410
54,-4,1725,32,sr:competitor:15588
55,1,1628,30,sr:competitor:78793
56,-9,1620,30,sr:competitor:15305
57,2,1580,43,sr:competitor:231090
58,0,1552,30,sr:competitor:69362
59,1,1540,32,sr:competitor:127646
60,3,1532,30,sr:competitor:49306
61,3,1521,32,sr:competitor:52244
62,0,1500,31,sr:competitor:81763
63,5,1430,34,sr:competitor:48646
64,-3,1405,38,sr:competitor:111195
65,9,1347,32,sr:competitor:918463
66,1,1295,25,sr:competitor:121182
67,-2,1277,41,sr:competitor:112969
67,-2,1277,41,sr:competitor:936355
69,2,1180,9,sr:competitor:203681
70,-1,1161,23,sr:competitor:25457
71,9,1130,34,sr:competitor:287215
72,1,1120,13,sr:competitor:63438
73,-3,1120,22,sr:competitor:16198
74,13,1100,23,sr:competitor:838776
75,0,1095,10,sr:competitor:871495
76,0,1095,30,sr:competitor:152900
77,1,1091,31,sr:competitor:16042
78,-6,1075,27,sr:competitor:41475
79,2,1056,39,sr:competitor:147104
80,2,1052,32,sr:competitor:204781
81,-4,1048,32,sr:competitor:223868
82,1,1038,41,sr:competitor:16823
83,1,1035,11,sr:competitor:300540
84,-5,1031,29,sr:competitor:16043
85,6,1030,27,sr:competitor:17038
86,-1,1020,23,sr:competitor:104421
87,-1,1002,25,sr:competitor:76361
88,0,990,10,sr:competitor:75813
89,6,973,25,sr:competitor:16573
90,0,968,38,sr:competitor:77653
91,1,960,7,sr:competitor:57163
92,1,951,16,sr:competitor:393598
93,1,947,31,sr:competitor:60920
94,-5,941,28,sr:competitor:52263
95,2,918,37,sr:competitor:98413
96,2,907,35,sr:competitor:1020797
97,2,898,31,sr:competitor:234124
98,3,898,37,sr:competitor:73572
99,6,877,25,sr:competitor:52951
100,2,844,32,sr:competitor:16492
101,5,840,28,sr:competitor:243522
102,2,831,29,sr:competitor:53759
103,0,816,37,sr:competitor:121032
104,-4,802,33,sr:competitor:16992
105,14,792,39,sr:competitor:256001
106,1,787,19,sr:competitor:299130
107,1,782,36,sr:competitor:157396
108,2,765,14,sr:competitor:808628
109,30,743,35,sr:competitor:209202
110,12,740,26,sr:competitor:450383
111,12,736,29,sr:competitor:296270
112,-3,733,35,sr:competitor:50037
113,-1,732,35,sr:competitor:145936
114,-1,731,26,sr:competitor:197678
115,-1,730,22,sr:competitor:77223
116,-1,730,25,sr:competitor:263917
117,-1,717,32,sr:competitor:119150
118,-1,712,15,sr:competitor:35766
119,-1,712,34,sr:competitor:16854
120,4,675,10,sr:competitor:125006
121,-1,675,34,sr:competitor:95923
122,3,672,16,sr:competitor:39712
123,4,668,30,sr:competitor:42151
124,2,661,27,sr:competitor:124708
125,7,643,32,sr:competitor:69910
126,8,640,10,sr:competitor:126356
127,8,632,32,sr:competitor:111607
128,8,630,10,sr:competitor:90080
129,8,630,14,sr:competitor:163480
130,8,630,19,sr:competitor:534043
131,12,625,30,sr:competitor:240880
132,-2,621,37,sr:competitor:77011
133,7,615,27,sr:competitor:25021
134,-6,611,35,sr:competitor:37637
134,-6,611,35,sr:competitor:54609
136,20,600,26,sr:competitor:78387
137,22,590,35,sr:competitor:297502
138,4,579,25,sr:competitor:119140
139,5,579,25,sr:competitor:548169
140,1,572,35,sr:competitor:113889
141,4,566,19,sr:competitor:15809
142,4,560,12,sr:competitor:392066
143,21,555,23,sr:competitor:141882
144,10,551,34,sr:competitor:145008
145,-12,550,8,sr:competitor:14508
146,3,548,26,sr:competitor:234044
147,3,548,38,sr:competitor:98981
148,716,545,5,sr:competitor:128552
149,2,545,30,sr:competitor:110707
150,13,544,37,sr:competitor:52260
151,-3,542,35,sr:competitor:25458
152,0,541,15,sr:competitor:405977
153,0,541,31,sr:competitor:58989
154,-7,535,24,sr:competitor:113221
155,-34,534,23,sr:competitor:305776
156,1,531,24,sr:competitor:380004
157,1,527,22,sr:competitor:216502
158,2,523,37,sr:competitor:112061
159,2,520,5,sr:competitor:102339
160,-49,510,12,sr:competitor:102151
161,13,509,31,sr:competitor:92845
162,9,502,16,sr:competitor:100069
163,4,500,4,sr:competitor:44553
164,4,495,10,sr:competitor:122366
165,0,490,27,sr:competitor:72420
166,0,490,29,sr:competitor:55745
167,19,485,24,sr:competitor:58877
168,5,480,5,sr:competitor:136042
169,14,475,24,sr:competitor:195458
170,-8,474,26,sr:competitor:44637
171,13,473,22,sr:competitor:146040
172,3,471,7,sr:competitor:94485
173,3,468,34,sr:competitor:84671
174,3,464,16,sr:competitor:530317
175,3,462,27,sr:competitor:628218
176,3,461,29,sr:competitor:390480
177,3,459,34,sr:competitor:155860
178,4,457,23,sr:competitor:204495
179,-7,456,22,sr:competitor:280601
180,1,454,17,sr:competitor:295508
181,-11,451,33,sr:competitor:297448
182,-13,449,22,sr:competitor:59700
183,-28,445,17,sr:competitor:47760
184,1,445,27,sr:competitor:96859
185,2,427,31,sr:competitor:263865
186,-90,420,16,sr:competitor:122368
187,36,417,11,sr:competitor:448357
188,0,416,31,sr:competitor:289021
189,0,415,37,sr:competitor:422955
190,1,411,31,sr:competitor:55293
191,-1,410,14,sr:competitor:49417
192,0,405,8,sr:competitor:671637
193,0,404,21,sr:competitor:396126
194,2,397,13,sr:competitor:227358
195,2,396,9,sr:competitor:108767
196,-1,395,32,sr:competitor:106395
197,1,388,25,sr:competitor:99043
198,1,383,22,sr:competitor:218344
199,3,378,14,sr:competitor:342826
200,3,378,16,sr:competitor:250231
201,3,377,24,sr:competitor:99377
202,11,371,17,sr:competitor:284801
203,-9,371,28,sr:competitor:84301
204,13,366,34,sr:competitor:395828
205,-5,365,26,sr:competitor:15275
206,0,361,23,sr:competitor:82579
207,0,360,7,sr:competitor:206879
208,0,360,8,sr:competitor:89632
209,0,360,19,sr:competitor:169496
210,1,357,24,sr:competitor:85877
211,1,352,22,sr:competitor:221556
212,-2,350,21,sr:competitor:145108
213,-12,349,28,sr:competitor:50148
214,-9,348,27,sr:competitor:193930
215,-1,348,38,sr:competitor:880089
216,-1,347,9,sr:competitor:124930
217,-1,340,29,sr:competitor:233144
218,3,333,31,sr:competitor:161448
219,3,333,33,sr:competitor:163538
220,24,332,12,sr:competitor:64920
221,-1,331,26,sr:competitor:163438
222,-4,327,9,sr:competitor:539343
223,-4,319,37,sr:competitor:96629
224,1,315,9,sr:competitor:257721
225,-1,315,9,sr:competitor:399637
226,0,315,10,sr:competitor:43319
227,0,315,15,sr:competitor:255595
228,0,313,14,sr:competitor:168420
229,1,309,19,sr:competitor:251091
230,3,306,8,sr:competitor:134610
231,0,304,26,sr:competitor:185434
232,2,303,28,sr:competitor:79223
233,3,298,13,sr:competitor:428657
234,3,298,26,sr:competitor:77501
235,31,298,28,sr:competitor:310972
236,2,296,8,sr:competitor:212004
237,3,295,7,sr:competitor:496346
238,1,294,25,sr:competitor:169492
239,-4,294,32,sr:competitor:348308
240,43,291,10,sr:competitor:132558
241,1,289,31,sr:competitor:853643
242,3,287,25,sr:competitor:552469
243,0,286,11,sr:competitor:121122
244,2,286,15,sr:competitor:51974
245,2,285,33,sr:competitor:154740
246,3,285,38,sr:competitor:379924
247,-15,282,20,sr:competitor:53483
248,9,280,16,sr:competitor:220588
249,-1,279,31,sr:competitor:308834
250,-9,277,29,sr:competitor:96535
251,-1,275,6,sr:competitor:294300
252,-1,274,15,sr:competitor:38180
253,-1,274,27,sr:competitor:120956
254,-1,272,23,sr:competitor:686709
255,-1,270,3,sr:competitor:352776
256,-1,266,10,sr:competitor:284805
257,-1,265,20,sr:competitor:161868
258,4,264,25,sr:competitor:498580
259,-1,263,30,sr:competitor:126622
260,-1,260,12,sr:competitor:682913
261,0,259,23,sr:competitor:398360
262,-2,257,25,sr:competitor:723013
263,1,256,9,sr:competitor:156664
264,1,256,18,sr:competitor:214824
265,2,255,5,sr:competitor:145112
266,2,254,34,sr:competitor:322589
267,2,252,14,sr:competitor:82133
268,2,252,23,sr:competitor:614090
269,2,250,6,sr:competitor:130398
270,2,249,13,sr:competitor:79227
271,3,249,26,sr:competitor:207777
272,3,248,21,sr:competitor:180104
273,3,248,29,sr:competitor:731833
274,4,244,17,sr:competitor:55787
275,4,244,29,sr:competitor:452787
276,4,243,28,sr:competitor:217192
277,4,242,9,sr:competitor:145122
278,4,242,12,sr:competitor:130436
279,-2,242,17,sr:competitor:305558
280,-17,242,31,sr:competitor:412829
281,4,241,30,sr:competitor:645442
282,4,240,8,sr:competitor:106755
283,5,240,15,sr:competitor:774476
284,5,240,21,sr:competitor:163540
285,5,240,22,sr:competitor:927343
286,8,239,26,sr:competitor:126402
287,5,236,26,sr:competitor:48225
288,7,235,30,sr:competitor:154570
289,4,234,18,sr:competitor:759900
290,1,231,27,sr:competitor:161220
291,5,231,40,sr:competitor:51304
292,35,229,27,sr:competitor:739643
293,4,228,7,sr:competitor:121668
294,4,228,17,sr:competitor:505542
295,4,228,18,sr:competitor:303808
296,4,227,13,sr:competitor:17359
297,11,227,23,sr:competitor:60614
298,3,225,5,sr:competitor:47975
298,3,225,5,sr:competitor:129368
300,3,225,7,sr:competitor:15931
301,3,225,20,sr:competitor:437794
302,4,223,27,sr:competitor:381022
303,4,222,22,sr:competitor:645452
304,1,219,25,sr:competitor:196672
305,7,215,6,sr:competitor:49172
306,7,213,14,sr:competitor:240264
307,8,212,13,sr:competitor:99587
308,8,211,10,sr:competitor:113905
309,8,209,24,sr:competitor:973963
310,8,208,5,sr:competitor:603098
311,190,206,10,sr:competitor:373852
312,8,206,13,sr:competitor:686911
313,-29,205,15,sr:competitor:49663
314,35,205,23,sr:competitor:193912
315,6,205,24,sr:competitor:116616
316,-2,205,31,sr:competitor:154490
317,-44,204,12,sr:competitor:93597
318,4,203,14,sr:competitor:50360
319,20,203,20,sr:competitor:111609
320,-11,202,26,sr:competitor:103625
321,-10,201,10,sr:competitor:226124
322,2,200,4,sr:competitor:67154
323,2,200,7,sr:competitor:124656
324,2,200,22,sr:competitor:287543
325,40,196,24,sr:competitor:244388
326,2,195,27,sr:competitor:407791
327,2,194,7,sr:competitor:80665
328,2,194,12,sr:competitor:655845
329,2,194,22,sr:competitor:121248
330,3,193,30,sr:competitor:202735
331,3,193,36,sr:competitor:124934
332,4,190,8,sr:competitor:387066
333,5,188,31,sr:competitor:767058
334,3,186,20,sr:competitor:312436
335,-25,185,12,sr:competitor:49548
336,20,185,36,sr:competitor:223788
337,-18,183,9,sr:competitor:682911
338,-3,183,14,sr:competitor:205767
339,1,183,24,sr:competitor:437734
340,8,182,13,sr:competitor:286367
341,18,182,27,sr:competitor:220590
342,54,182,33,sr:competitor:208123
343,-2,181,27,sr:competitor:229024
344,-1,180,2,sr:competitor:57703
345,-1,180,2,sr:competitor:429603
346,-1,180,3,sr:competitor:163504
347,-1,180,4,sr:competitor:225050
347,-1,180,4,sr:competitor:359602
349,-62,180,10,sr:competitor:450283
350,1,180,27,sr:competitor:182086
351,1,178,22,sr:competitor:95939
352,1,178,24,sr:competitor:54903
353,33,178,25,sr:competitor:435758
354,0,177,11,sr:competitor:457059
355,13,176,27,sr:competitor:130442
356,5,176,27,sr:competitor:272245
357,0,175,4,sr:competitor:90798
358,0,175,21,sr:competitor:447733
359,-9,175,24,sr:competitor:452691
360,-5,173,12,sr:competitor:286541
361,2,171,11,sr:competitor:679701
362,-39,171,12,sr:competitor:52276
363,1,171,19,sr:competitor:750283
364,2,170,10,sr:competitor:515510
365,34,170,21,sr:competitor:138528
366,34,170,21,sr:competitor:439474
367,0,169,8,sr:competitor:947875
368,8,169,21,sr:competitor:855911
369,0,168,31,sr:competitor:458575
370,182,167,6,sr:competitor:310974
371,-1,167,16,sr:competitor:43761
372,-1,167,18,sr:competitor:138712
373,-31,167,20,sr:competitor:118166
374,-2,167,30,sr:competitor:16852
375,-2,166,26,sr:competitor:681071
376,-2,164,11,sr:competitor:378220
377,-2,163,15,sr:competitor:564952
378,20,162,12,sr:competitor:65606
379,18,160,20,sr:competitor:873679
380,-2,159,21,sr:competitor:298118
381,3,158,22,sr:competitor:497320
382,-22,157,24,sr:competitor:280559
383,-3,157,29,sr:competitor:156826
384,-3,156,16,sr:competitor:976405
385,-2,156,20,sr:competitor:96239
386,-7,154,11,sr:competitor:263857
387,2,153,16,sr:competitor:644676
388,-3,153,18,sr:competitor:620338
389,-2,152,8,sr:competitor:240876
390,-8,152,19,sr:competitor:215492
391,4,152,19,sr:competitor:385204
392,-261,150,1,sr:competitor:46391
393,-2,150,2,sr:competitor:339377
394,-4,150,3,sr:competitor:763108
395,-3,150,6,sr:competitor:185388
396,-2,149,7,sr:competitor:565070
397,-9,148,12,sr:competitor:205773
398,62,146,9,sr:competitor:938667
399,2,144,16,sr:competitor:16781
400,2,143,10,sr:competitor:321667
401,2,143,17,sr:competitor:50901
402,2,140,4,sr:competitor:405969
403,62,140,11,sr:competitor:763106
404,63,139,14,sr:competitor:809324
405,1,139,15,sr:competitor:215778
406,-1,139,18,sr:competitor:524256
407,15,138,15,sr:competitor:54975
408,10,137,14,sr:competitor:283451
409,-2,136,17,sr:competitor:51100
410,-2,136,24,sr:competitor:119126
411,-2,135,1,sr:competitor:163636
412,-2,135,6,sr:competitor:57021
413,-2,135,10,sr:competitor:54573
414,-2,135,14,sr:competitor:345060
415,-22,135,20,sr:competitor:785974
416,1,134,20,sr:competitor:202681
417,2,132,5,sr:competitor:503814
418,2,132,12,sr:competitor:242556
419,2,131,15,sr:competitor:362982
420,43,131,19,sr:competitor:978579
421,-44,131,21,sr:competitor:170964
422,1,130,26,sr:competitor:418163
423,46,129,20,sr:competitor:418167
424,1,128,12,sr:competitor:359608
425,3,127,11,sr:competitor:58783
426,51,127,12,sr:competitor:423131
427,259,127,18,sr:competitor:1025093
428,1,127,22,sr:competitor:990785
429,-13,126,20,sr:competitor:282183
430,1,125,10,sr:competitor:177686
431,1,125,10,sr:competitor:60592
432,-18,125,15,sr:competitor:194668
433,-7,125,19,sr:competitor:180446
434,-1,124,14,sr:competitor:114885
435,-1,124,15,sr:competitor:252233
436,0,124,16,sr:competitor:15743
437,0,124,19,sr:competitor:137890
438,0,124,49,sr:competitor:759758
439,0,123,7,sr:competitor:283965
440,0,123,10,sr:competitor:22962
441,-11,123,11,sr:competitor:210502
442,-1,123,20,sr:competitor:57759
443,-1,123,21,sr:competitor:501410
444,-1,122,4,sr:competitor:71280
445,90,122,10,sr:competitor:406397
446,-2,122,11,sr:competitor:88992
447,-2,122,13,sr:competitor:570833
448,-2,122,16,sr:competitor:269535
449,19,122,18,sr:competitor:272273
450,-3,122,20,sr:competitor:297608
451,-16,121,14,sr:competitor:241710
452,-4,121,16,sr:competitor:538457
453,-4,121,20,sr:competitor:217038
454,-4,121,22,sr:competitor:215696
455,-4,120,8,sr:competitor:307112
456,-3,120,12,sr:competitor:682903
457,-5,120,13,sr:competitor:74441
458,-45,120,19,sr:competitor:951223
459,97,120,31,sr:competitor:160104
460,-45,119,18,sr:competitor:833418
461,-5,119,31,sr:competitor:322729
462,-5,118,14,sr:competitor:684577
463,23,118,16,sr:competitor:312728
464,-6,118,18,sr:competitor:64790
465,-6,117,10,sr:competitor:56361
466,180,117,12,sr:competitor:317355
467,88,117,24,sr:competitor:783794
468,89,116,6,sr:competitor:369572
469,-8,116,12,sr:competitor:373348
470,-8,116,15,sr:competitor:269523
471,-7,115,2,sr:competitor:997473
472,-6,115,27,sr:competitor:246745
473,-3,114,19,sr:competitor:434058
474,-3,113,18,sr:competitor:294248
475,-3,113,20,sr:competitor:675167
476,-3,112,8,sr:competitor:210526
477,-3,112,18,sr:competitor:403357
478,-24,112,19,sr:competitor:256375
479,-3,112,21,sr:competitor:76251
480,-118,111,5,sr:competitor:309954
481,-3,111,12,sr:competitor:622876
482,14,111,15,sr:competitor:268725
483,-4,111,16,sr:competitor:199196
484,-29,111,17,sr:competitor:609146
485,-3,110,2,sr:competitor:14882
486,-3,110,4,sr:competitor:39711
487,-3,110,11,sr:competitor:341218
488,-3,110,13,sr:competitor:382056
489,-14,110,18,sr:competitor:867575
490,-2,110,23,sr:competitor:390486
491,-1,109,15,sr:competitor:220932
492,-12,109,22,sr:competitor:327067
493,52,109,28,sr:competitor:170976
494,5,109,30,sr:competitor:376372
495,-3,108,22,sr:competitor:350814
496,-69,107,5,sr:competitor:104967
497,-2,107,8,sr:competitor:113859
498,-11,107,19,sr:competitor:301896
499,-1,107,28,sr:competitor:404753
500,0,106,5,sr:competitor:213170
1,0,10750,17,sr:competitor:72376
2,0,8368,16,sr:competitor:51387
3,0,7990,21,sr:competitor:74949
4,0,6535,16,sr:competitor:43860
5,0,6285,16,sr:competitor:64496
6,0,5696,16,sr:competitor:19202
7,0,5625,15,sr:competitor:69208
8,0,5336,18,sr:competitor:18936
9,0,4835,21,sr:competitor:41520
10,0,4350,24,sr:competitor:19932
11,1,4325,25,sr:competitor:48625
12,2,4215,19,sr:competitor:66968
13,3,4081,32,sr:competitor:19607
14,3,4075,29,sr:competitor:47810
15,-4,4073,23,sr:competitor:64021
16,-3,3995,26,sr:competitor:119670
17,1,3913,32,sr:competitor:69718
18,-3,3825,26,sr:competitor:46084
19,0,3715,16,sr:competitor:37508
20,0,3655,16,sr:competitor:78551
21,0,3625,17,sr:competitor:123824
22,0,3521,7,sr:competitor:373352
23,0,3398,23,sr:competitor:18354
24,0,3385,14,sr:competitor:33593
25,0,3174,27,sr:competitor:99131
26,0,3160,14,sr:competitor:588071
27,0,3073,28,sr:competitor:24431
28,0,2943,18,sr:competitor:91960
29,0,2869,11,sr:competitor:871583
30,0,2615,15,sr:competitor:289507
31,0,2468,22,sr:competitor:50537
32,0,2453,18,sr:competitor:96075
33,0,2449,28,sr:competitor:150122
34,0,2437,34,sr:competitor:182178
35,4,2433,24,sr:competitor:43102
36,-1,2365,23,sr:competitor:19655
37,-1,2359,30,sr:competitor:66432
38,-1,2324,29,sr:competitor:166124
39,3,2248,10,sr:competitor:60392
40,-2,2236,24,sr:competitor:49682
41,2,2198,22,sr:competitor:51481
42,-2,2139,28,sr:competitor:129714
43,2,2102,9,sr:competitor:60398
44,-3,2086,22,sr:competitor:153652
45,1,2060,17,sr:competitor:272217
46,1,2053,28,sr:competitor:19974
47,1,2052,31,sr:competitor:70784
48,1,2037,28,sr:competitor:142996
49,-5,2029,29,sr:competitor:47801
50,1,1944,12,sr:competitor:103901
51,10,1919,27,sr:competitor:19731
52,0,1918,14,sr:competitor:138452
53,0,1889,29,sr:competitor:43547
54,0,1881,12,sr:competitor:59702
55,0,1835,21,sr:competitor:157672
56,0,1732,15,sr:competitor:47697
57,1,1711,7,sr:competitor:278887
58,-1,1704,31,sr:competitor:60668
59,-9,1650,10,sr:competitor:44834
60,-1,1614,14,sr:competitor:128584
61,-1,1612,29,sr:competitor:61606
62,0,1437,16,sr:competitor:53789
63,0,1416,14,sr:competitor:135854
64,8,1396,13,sr:competitor:41877
65,-1,1391,13,sr:competitor:252223
66,0,1336,29,sr:competitor:215476
67,3,1325,30,sr:competitor:52695
68,-1,1307,15,sr:competitor:549759
69,-4,1307,16,sr:competitor:23158
70,-2,1282,15,sr:competitor:105463
71,33,1277,10,sr:competitor:88310
72,-1,1236,31,sr:competitor:69602
73,-4,1216,30,sr:competitor:37504
74,-1,1195,31,sr:competitor:194106
75,-1,1120,14,sr:competitor:401055
76,23,1078,13,sr:competitor:192130
77,1,1063,29,sr:competitor:48451
78,2,1040,31,sr:competitor:44977
79,-4,1040,15,sr:competitor:42289
80,-3,1000,28,sr:competitor:71754
81,-2,990,31,sr:competitor:168526
82,-1,981,11,sr:competitor:45545
83,-1,977,15,sr:competitor:41524
84,-1,975,32,sr:competitor:73542
85,-1,967,14,sr:competitor:67759
86,0,966,30,sr:competitor:182054
87,-2,958,14,sr:competitor:234150
88,1,923,11,sr:competitor:52025
89,1,914,33,sr:competitor:121760
90,1,910,6,sr:competitor:45915
91,6,888,16,sr:competitor:41404
92,0,885,14,sr:competitor:256547
93,-6,882,10,sr:competitor:360038
94,-1,874,28,sr:competitor:173748
95,-1,867,30,sr:competitor:51651
96,-8,865,33,sr:competitor:54175
97,-2,861,7,sr:competitor:18298
98,2,810,19,sr:competitor:111189
99,6,810,24,sr:competitor:799304
100,1,792,8,sr:competitor:318195
101,12,789,33,sr:competitor:418583
102,0,782,15,sr:competitor:72450
103,0,781,15,sr:competitor:150574
104,-28,777,10,sr:competitor:286435
105,1,772,22,sr:competitor:227486
106,8,762,18,sr:competitor:108621
107,0,760,18,sr:competitor:210558
108,0,759,13,sr:competitor:262759
109,1,742,27,sr:competitor:378340
110,1,736,32,sr:competitor:51943
111,1,727,23,sr:competitor:215598
112,-3,708,17,sr:competitor:335171
113,5,703,33,sr:competitor:143140
114,1,698,27,sr:competitor:53288
115,1,694,18,sr:competitor:453301
116,1,684,21,sr:competitor:67430
117,2,676,26,sr:competitor:49907
118,-20,674,15,sr:competitor:42492
119,19,671,7,sr:competitor:72758
120,0,661,18,sr:competitor:303814
121,0,660,18,sr:competitor:161270
122,0,655,31,sr:competitor:628178
123,-27,651,2,sr:competitor:45835
124,-1,650,4,sr:competitor:19546
125,-1,649,27,sr:competitor:87090
126,-1,644,24,sr:competitor:50915
127,-1,628,26,sr:competitor:98607
128,0,617,20,sr:competitor:473609
129,0,613,18,sr:competitor:867519
130,0,609,15,sr:competitor:92879
131,4,608,13,sr:competitor:345070
132,7,606,21,sr:competitor:19847
133,-2,605,5,sr:competitor:179146
134,-2,601,14,sr:competitor:64085
135,-8,593,17,sr:competitor:118096
136,-2,589,21,sr:competitor:256447
137,4,588,14,sr:competitor:297588
138,12,580,28,sr:competitor:46428
139,3,571,32,sr:competitor:448121
140,-4,570,28,sr:competitor:61526
141,-4,564,11,sr:competitor:235260
142,-2,560,2,sr:competitor:228418
143,10,559,14,sr:competitor:771430
144,-1,553,16,sr:competitor:226306
145,-1,552,5,sr:competitor:133662
146,0,547,16,sr:competitor:147506
147,-2,542,6,sr:competitor:373354
148,-1,532,25,sr:competitor:92877
149,-1,532,26,sr:competitor:99429
150,1,520,18,sr:competitor:208125
151,1,517,31,sr:competitor:46528
152,2,510,25,sr:competitor:235252
153,2,509,11,sr:competitor:227390
154,-5,508,18,sr:competitor:369524
155,1,505,7,sr:competitor:90664
156,9,504,22,sr:competitor:137932
157,0,492,25,sr:competitor:189384
158,0,490,12,sr:competitor:87834
159,0,489,32,sr:competitor:143146
160,0,486,16,sr:competitor:71284
161,1,482,23,sr:competitor:148276
162,14,478,23,sr:competitor:137990
163,0,476,28,sr:competitor:65610
164,0,475,22,sr:competitor:170880
165,1,466,44,sr:competitor:325837
166,1,461,13,sr:competitor:120666
167,1,459,22,sr:competitor:102637
168,1,457,23,sr:competitor:119216
169,2,451,5,sr:competitor:569013
170,2,448,28,sr:competitor:245673
171,-1,446,20,sr:competitor:250285
172,1,442,26,sr:competitor:215806
173,-12,441,19,sr:competitor:776340
174,0,441,25,sr:competitor:91916
175,0,440,10,sr:competitor:105099
176,1,437,26,sr:competitor:206995
177,1,437,26,sr:competitor:805538
178,54,436,10,sr:competitor:115507
179,-46,433,14,sr:competitor:52489
180,-1,433,13,sr:competitor:448081
181,-1,432,18,sr:competitor:82609
182,-1,430,13,sr:competitor:160190
183,-1,428,12,sr:competitor:319455
184,-1,425,8,sr:competitor:242630
185,-1,425,37,sr:competitor:41359
186,-1,422,7,sr:competitor:608348
187,-1,419,18,sr:competitor:70728
188,-1,419,22,sr:competitor:195408
189,-1,414,13,sr:competitor:52183
190,1,407,25,sr:competitor:119874
191,1,405,20,sr:competitor:119410
192,1,403,20,sr:competitor:45139
193,-4,402,11,sr:competitor:789688
194,1,402,26,sr:competitor:310984
195,-1,401,11,sr:competitor:110055
196,0,401,27,sr:competitor:64315
197,8,400,28,sr:competitor:46625
198,-1,400,23,sr:competitor:203893
199,56,399,25,sr:competitor:46650
200,-2,399,25,sr:competitor:97031
201,-2,396,9,sr:competitor:675189
202,-2,394,22,sr:competitor:414533
203,-2,394,24,sr:competitor:93657
204,-2,394,18,sr:competitor:183957
205,-2,390,4,sr:competitor:67757
206,-2,390,27,sr:competitor:45827
207,-1,387,20,sr:competitor:156040
207,-1,387,20,sr:competitor:210670
209,-1,385,26,sr:competitor:378144
210,120,384,6,sr:competitor:287769
211,-2,383,17,sr:competitor:385206
212,-2,380,20,sr:competitor:52533
213,-1,378,25,sr:competitor:353358
214,-3,377,7,sr:competitor:49118
215,-2,377,29,sr:competitor:244216
216,57,376,23,sr:competitor:67194
217,-3,375,31,sr:competitor:80427
218,-2,372,34,sr:competitor:59762
219,4,369,17,sr:competitor:190882
220,-3,368,22,sr:competitor:79443
221,-3,367,14,sr:competitor:26120
222,-3,366,23,sr:competitor:260987
223,-3,365,5,sr:competitor:192108
224,-3,365,19,sr:competitor:568715
225,-3,364,18,sr:competitor:676251
226,3,360,33,sr:competitor:88494
227,-37,358,9,sr:competitor:202363
228,-13,353,8,sr:competitor:110299
229,-5,353,10,sr:competitor:41737
230,-5,352,26,sr:competitor:290994
231,-5,351,23,sr:competitor:23688
232,-5,351,22,sr:competitor:904005
233,-5,349,10,sr:competitor:662615
234,-4,344,20,sr:competitor:496316
235,-2,337,6,sr:competitor:152804
236,-1,330,22,sr:competitor:448613
237,-3,328,10,sr:competitor:762762
238,-2,327,17,sr:competitor:505998
239,-2,326,17,sr:competitor:763112
240,-2,324,3,sr:competitor:55401
241,82,322,8,sr:competitor:47948
242,-3,322,11,sr:competitor:43527
243,-2,316,22,sr:competitor:152106
244,-2,316,18,sr:competitor:73500
245,-5,315,21,sr:competitor:445209
246,-2,312,25,sr:competitor:59213
247,23,309,15,sr:competitor:731427
248,-3,307,6,sr:competitor:172590
249,-3,304,22,sr:competitor:181062
250,-3,303,34,sr:competitor:47985
251,-3,303,17,sr:competitor:517274
252,-21,303,14,sr:competitor:416473
253,-3,302,10,sr:competitor:141892
254,-5,302,20,sr:competitor:499098
255,-4,301,34,sr:competitor:233478
256,0,300,25,sr:competitor:807358
257,-5,299,22,sr:competitor:60028
258,-5,299,24,sr:competitor:731441
259,-5,297,16,sr:competitor:194690
260,-3,296,16,sr:competitor:192572
261,-3,293,18,sr:competitor:222546
262,-1,293,21,sr:competitor:343066
263,-4,292,21,sr:competitor:282597
264,-4,292,23,sr:competitor:70822
265,-3,290,18,sr:competitor:355958
266,-2,286,27,sr:competitor:409673
267,-2,285,20,sr:competitor:265553
268,-2,282,10,sr:competitor:41374
269,-2,282,11,sr:competitor:812502
270,-2,281,6,sr:competitor:1017327
271,18,278,33,sr:competitor:315663
272,-3,278,18,sr:competitor:673491
273,-10,277,23,sr:competitor:870981
274,1,275,17,sr:competitor:292540
276,-4,272,4,sr:competitor:845268
277,115,272,30,sr:competitor:59662
278,117,271,29,sr:competitor:78785
279,-5,271,13,sr:competitor:234398
280,7,270,23,sr:competitor:289093
281,-5,268,16,sr:competitor:86894
282,-39,267,12,sr:competitor:341216
283,-6,267,17,sr:competitor:283489
284,-6,266,20,sr:competitor:343294
285,-6,266,16,sr:competitor:868599
286,-15,266,23,sr:competitor:282057
287,-7,265,22,sr:competitor:136372
288,41,264,15,sr:competitor:49963
289,-8,263,6,sr:competitor:755469
290,-7,262,19,sr:competitor:223862
291,-7,260,3,sr:competitor:62924
292,-7,260,8,sr:competitor:329535
293,-7,258,16,sr:competitor:51315
294,0,258,23,sr:competitor:395740
295,-7,257,3,sr:competitor:75825
296,-5,257,25,sr:competitor:70970
297,-7,257,18,sr:competitor:198498
298,-6,256,15,sr:competitor:142942
299,-6,255,13,sr:competitor:278943
300,-5,255,16,sr:competitor:48486
301,-5,250,2,sr:competitor:42339
302,-5,248,19,sr:competitor:801396
303,-5,247,11,sr:competitor:337813
304,-4,246,19,sr:competitor:104929
305,20,246,23,sr:competitor:63238
306,-5,245,7,sr:competitor:99405
307,-5,242,12,sr:competitor:54397
308,-5,242,21,sr:competitor:510530
309,-5,242,26,sr:competitor:213144
310,-5,241,8,sr:competitor:534045
311,11,241,26,sr:competitor:810694
312,54,240,13,sr:competitor:496378
313,-7,240,22,sr:competitor:447703
314,-7,238,3,sr:competitor:45902
315,-7,236,13,sr:competitor:194572
316,-4,235,17,sr:competitor:567285
317,-4,235,20,sr:competitor:122668
318,8,234,10,sr:competitor:165866
319,-5,234,24,sr:competitor:233266
320,-5,233,16,sr:competitor:842594
321,-10,232,5,sr:competitor:728549
322,-6,232,24,sr:competitor:154806
323,1,231,24,sr:competitor:37638
324,-15,229,13,sr:competitor:145930
325,-7,228,15,sr:competitor:337811
326,-6,227,13,sr:competitor:406199
327,-6,227,14,sr:competitor:285629
328,7,227,19,sr:competitor:209716
329,62,226,7,sr:competitor:110803
330,-20,224,8,sr:competitor:319349
331,-32,224,12,sr:competitor:896765
332,-5,223,12,sr:competitor:63220
333,-5,223,22,sr:competitor:61922
334,-2,221,11,sr:competitor:329009
335,-2,220,20,sr:competitor:345134
336,-2,220,23,sr:competitor:849533
337,4,216,22,sr:competitor:254553
338,2,215,18,sr:competitor:513582
339,26,214,23,sr:competitor:54983
340,-2,212,27,sr:competitor:153744
341,3,210,15,sr:competitor:936009
342,3,210,19,sr:competitor:380368
343,0,209,10,sr:competitor:403329
344,3,209,12,sr:competitor:1020177
345,3,208,5,sr:competitor:225130
346,26,208,20,sr:competitor:246945
347,-10,206,8,sr:competitor:87078
348,-12,206,19,sr:competitor:25822
349,0,206,29,sr:competitor:201105
350,1,204,20,sr:competitor:330689
351,1,202,2,sr:competitor:341112
352,-21,202,9,sr:competitor:627278
353,0,201,19,sr:competitor:262023
354,0,201,24,sr:competitor:435794
355,19,200,13,sr:competitor:282219
356,-1,200,19,sr:competitor:624838
357,-1,200,25,sr:competitor:152762
358,-1,198,16,sr:competitor:164852
359,-1,198,13,sr:competitor:129534
360,-18,198,27,sr:competitor:20158
361,-2,197,12,sr:competitor:120664
362,-45,196,16,sr:competitor:132412
363,-3,196,27,sr:competitor:158636
364,-2,195,11,sr:competitor:720625
365,-1,192,21,sr:competitor:745799
366,2,191,12,sr:competitor:153748
367,0,190,5,sr:competitor:210716
368,20,189,13,sr:competitor:813490
369,0,188,15,sr:competitor:750327
370,-7,187,10,sr:competitor:226092
371,-1,186,17,sr:competitor:42864
372,-1,186,12,sr:competitor:843378
373,-23,185,10,sr:competitor:467037
374,-13,185,17,sr:competitor:119496
375,-2,185,25,sr:competitor:750329
376,-1,185,15,sr:competitor:299258
377,-1,184,2,sr:competitor:42459
378,1,181,5,sr:competitor:245295
379,1,181,17,sr:competitor:436690
380,-2,181,10,sr:competitor:106341
381,1,179,18,sr:competitor:751899
382,1,178,17,sr:competitor:130624
383,-2,178,21,sr:competitor:47876
384,0,177,12,sr:competitor:960043
385,0,177,15,sr:competitor:348196
386,-47,177,11,sr:competitor:586739
387,-1,177,26,sr:competitor:66516
388,-1,176,5,sr:competitor:18588
389,0,174,12,sr:competitor:280635
390,8,173,21,sr:competitor:182056
391,2,171,10,sr:competitor:202623
392,2,171,4,sr:competitor:48455
393,38,170,10,sr:competitor:103375
394,5,170,18,sr:competitor:1020859
395,5,170,23,sr:competitor:99775
396,5,169,10,sr:competitor:58053
397,6,169,5,sr:competitor:54171
398,9,169,23,sr:competitor:72634
399,5,168,22,sr:competitor:206957
400,5,167,12,sr:competitor:107327
401,5,167,13,sr:competitor:138654
402,6,165,19,sr:competitor:565020
403,6,164,26,sr:competitor:171354
404,19,163,15,sr:competitor:389048
405,-8,163,18,sr:competitor:341196
406,4,163,18,sr:competitor:741607
407,4,162,6,sr:competitor:264117
408,4,162,14,sr:competitor:217036
409,6,161,5,sr:competitor:366114
410,3,161,12,sr:competitor:588449
411,5,160,17,sr:competitor:283483
412,5,160,18,sr:competitor:782216
413,5,159,25,sr:competitor:80723
414,5,159,14,sr:competitor:46273
415,5,159,10,sr:competitor:98523
416,19,158,16,sr:competitor:1027517
417,-40,158,18,sr:competitor:280989
418,3,157,13,sr:competitor:64606
419,3,156,5,sr:competitor:45584
420,-18,156,17,sr:competitor:132988
421,36,156,15,sr:competitor:310982
422,2,155,23,sr:competitor:873729
423,27,153,5,sr:competitor:100341
424,1,153,12,sr:competitor:52388
425,1,153,17,sr:competitor:827440
426,1,152,12,sr:competitor:812476
427,1,151,4,sr:competitor:153736
428,2,151,13,sr:competitor:119664
429,7,149,24,sr:competitor:171026
430,-34,148,10,sr:competitor:213140
431,6,148,12,sr:competitor:102191
432,13,148,14,sr:competitor:340365
433,5,148,18,sr:competitor:766176
434,5,147,15,sr:competitor:133080
435,5,147,22,sr:competitor:447759
436,5,146,13,sr:competitor:58423
437,5,146,25,sr:competitor:185412
438,6,146,13,sr:competitor:677411
439,7,145,19,sr:competitor:831262
440,7,144,6,sr:competitor:517296
441,7,143,18,sr:competitor:522258
442,7,143,19,sr:competitor:858867
443,11,142,19,sr:competitor:522848
444,-10,142,29,sr:competitor:341238
445,6,141,3,sr:competitor:499484
446,-3,140,11,sr:competitor:831284
447,-57,140,15,sr:competitor:202795
448,4,139,10,sr:competitor:655811
449,-35,139,18,sr:competitor:98105
450,5,138,9,sr:competitor:880229
451,5,138,19,sr:competitor:96981
452,6,137,22,sr:competitor:360054
453,6,136,3,sr:competitor:595220
454,6,136,9,sr:competitor:431743
455,-22,136,11,sr:competitor:221510
456,5,136,18,sr:competitor:476218
457,5,135,12,sr:competitor:739667
458,5,135,22,sr:competitor:569009
459,5,135,10,sr:competitor:804342
460,5,134,22,sr:competitor:111149
461,5,133,6,sr:competitor:51477
462,14,133,15,sr:competitor:192138
463,4,133,20,sr:competitor:371556
464,5,132,3,sr:competitor:71034
465,17,132,15,sr:competitor:620340
466,4,131,2,sr:competitor:19704
467,4,131,13,sr:competitor:264863
468,6,130,6,sr:competitor:46661
469,64,130,10,sr:competitor:138330
470,-38,130,9,sr:competitor:196664
471,2,129,10,sr:competitor:784280
472,5,129,15,sr:competitor:827398
473,5,129,20,sr:competitor:265743
474,5,128,4,sr:competitor:343160
475,5,128,9,sr:competitor:686597
476,5,128,10,sr:competitor:833330
477,24,127,16,sr:competitor:220654
478,5,126,4,sr:competitor:39425
479,5,126,26,sr:competitor:69964
480,25,126,12,sr:competitor:1022815
481,4,126,9,sr:competitor:18350
482,4,126,12,sr:competitor:840734
483,4,126,12,sr:competitor:915371
484,4,126,14,sr:competitor:18731
485,64,126,17,sr:competitor:203959
486,4,125,10,sr:competitor:378226
487,4,125,12,sr:competitor:262701
488,4,124,5,sr:competitor:60276
489,4,124,4,sr:competitor:32862
490,-22,124,11,sr:competitor:906635
491,4,124,15,sr:competitor:720627
492,4,123,5,sr:competitor:90814
493,4,123,8,sr:competitor:723099
494,4,123,14,sr:competitor:418447
495,4,122,10,sr:competitor:759784
496,4,122,7,sr:competitor:342788
497,-25,122,14,sr:competitor:849553
498,4,122,19,sr:competitor:157368
500,7,121,11,sr:competitor:158690
501,-48,121,15,sr:competitor:511932
502,2,120,1,sr:competitor:85077
